{
  "name": "testpress",
  "time": "19:35:56    11/2/2020",
  "timeint": 6276956,
  "shape": [
    false,
    false,
    false,
    false,
    false
  ],
  "press": [
    0.2,
    0.4,
    0.6,
    0.8,
    1
  ],
  "X": [
    [
      138.30951700485852,
      141.9405544441269,
      146.8919691340383,
      150.52300657330667,
      155.47442126321806,
      158.4452700771649,
      160.42583595312948,
      161.41611889111175,
      161.7462132037725,
      161.7462132037725,
      160.0957416404687,
      157.45498713918263
    ],
    [
      143.26093169476994,
      140.62017719348387,
      138.6396113175193,
      136.65904544155472,
      135.66876250357245,
      135.66876250357245,
      136.32895112889398,
      137.97942269219777,
      138.6396113175193,
      140.62017719348387,
      143.26093169476994,
      146.23178050871678,
      149.20262932266363,
      152.50357244927122,
      155.80451557587884,
      158.77536438982565
    ],
    [
      170.32866533295228,
      174.61989139754215,
      179.2412117747928,
      182.87224921406116,
      185.843098028008,
      189.14404115461562,
      190.79451271791942,
      191.12460703058017,
      191.12460703058017,
      190.46441840525864,
      189.80422977993712,
      188.15375821663332,
      186.50328665332952,
      184.52272077736495
    ],
    [
      175.9402686481852,
      173.62960845955988,
      172.96941983423835,
      172.96941983423835,
      172.96941983423835,
      173.29951414689913,
      173.29951414689913,
      174.94998571020292,
      177.590740211489,
      180.2314947127751,
      183.20234352672193,
      186.50328665332952,
      190.1343240925979,
      193.10517290654474,
      195.7459274078308,
      197.72649328379538
    ],
    [
      205.9788511003144,
      208.94969991426123,
      211.92054872820808,
      215.22149185481567,
      221.4932837953701,
      227.4349814232638,
      231.72620748785369,
      235.02715061446128,
      237.3378108030866,
      238.32809374106887,
      238.9882823663904,
      238.9882823663904,
      238.32809374106887,
      237.66790511574737,
      236.01743355244355
    ]
  ],
  "Y": [
    [
      59.08688196627608,
      59.08688196627608,
      59.7470705915976,
      60.737353529579885,
      62.057730780222926,
      64.69848528150901,
      67.9994284081166,
      70.97027722206344,
      74.27122034867105,
      77.90225778793942,
      80.5430122892255,
      82.52357816519006
    ],
    [
      94.40697342097742,
      96.05744498428122,
      98.36810517290655,
      101.33895398685338,
      104.30980280080023,
      107.61074592740783,
      110.91168905401544,
      113.88253786796228,
      117.18348099456988,
      119.4941411831952,
      121.144612746499,
      121.80480137182052,
      122.46498999714204,
      122.46498999714204,
      122.46498999714204,
      121.80480137182052
    ],
    [
      117.51357530723064,
      117.18348099456988,
      117.8436696198914,
      119.16404687053443,
      120.81451843383824,
      122.46498999714204,
      125.43583881108889,
      128.7367819376965,
      132.03772506430408,
      135.00857387825093,
      138.30951700485852,
      140.95027150614462,
      143.59102600743068,
      145.901686196056
    ],
    [
      153.82394969991427,
      156.7947985138611,
      161.086024578451,
      164.3869677050586,
      168.01800514432696,
      171.31894827093456,
      174.94998571020292,
      177.590740211489,
      180.2314947127751,
      182.21206058873963,
      183.53243783938268,
      183.86253215204346,
      183.20234352672193,
      182.21206058873963,
      180.56158902543584,
      178.25092883681052
    ],
    [
      169.33838239496998,
      167.6879108316662,
      166.36753358102314,
      166.36753358102314,
      166.36753358102314,
      167.35781651900544,
      168.3480994569877,
      169.9985710202915,
      172.30923120891683,
      175.28008002286367,
      178.5810231494713,
      181.88196627607888,
      184.85281509002573,
      187.82366390397257,
      190.46441840525864
    ]
  ],
  "holes": [
    [],
    [],
    [],
    [],
    []
  ]
}